<?xml version="1.0" encoding="UTF-8"?>

<Deluxe Version="7.0">
    <DeluxePort>
        <ChkOrdAddRq>
            <RqUID>Digital Insight</RqUID>
            <ChkOrdInfo>
                <DepAcctId>
                    <AcctId>27347282927</AcctId>
                    <AcctType>DDA</AcctType>
                    <BankInfo>
                        <BankIdType>ABA</BankIdType>
                        <BankId>263181368</BankId>
                        <BranchId/>
                    </BankInfo>
                    <Program/>
                </DepAcctId>
                <PersonInfo>
                    <NameAddrType>Customer</NameAddrType>
                    <PersonName>
                        <LastName/>
                        <FirstName/>
                        <TitlePrefix/>
                        <NameSuffix/>
                    </PersonName>
                    <ContactInfo>
                        <PhoneNum>
                            <PhoneType>EvePhone</PhoneType>
                            <Phone>6509447896</Phone>
                            <Extension/>
                        </PhoneNum>
                        <PostAddr>
                            <Addr1>5601 Lindero Canyon Rd</Addr1>
                            <Addr2/>
                            <City>Westlake Village</City>
                            <StateProv>CA</StateProv>
                            <PostalCode>91362</PostalCode>
                        </PostAddr>
                        <EmailAddr>Febin.Habeeb@digitalinsight.com</EmailAddr>
                    </ContactInfo>
                </PersonInfo>
                <OrgInfo>
                    <Name>Febin Habeeb</Name>
                </OrgInfo>
            </ChkOrdInfo>
        </ChkOrdAddRq>
    </DeluxePort>
</Deluxe>