<?xml version="1.0" encoding="UTF-8"?>
<saml2:Assertion xmlns:saml2="urn:oasis:names:tc:SAML:2.0:assertion" IssueInstant="2022-07-27T06:51:06.977Z"
                 Version="2.0">
    <saml2:Issuer>http://synesty.com</saml2:Issuer>
    <saml2:Conditions>
        <saml2:OneTimeUse/>
    </saml2:Conditions>
    <saml2:AuthnStatement AuthnInstant="2022-07-27T06:51:07.016Z" SessionIndex="abcdedf1234567"
                          SessionNotOnOrAfter="2022-07-27T06:51:07.031Z">
        <saml2:AuthnContext>
            <saml2:AuthnContextClassRef>urn:oasis:names:tc:SAML:2.0:ac:classes:Password</saml2:AuthnContextClassRef>
        </saml2:AuthnContext>
    </saml2:AuthnStatement>
    <saml2:AttributeStatement>
        <saml2:Attribute Name="Email">
            <saml2:AttributeValue xmlns:xs="http://www.w3.org/2001/XMLSchema"
                                  xmlns:xsi="http://www.w3.org/2001/XMLSchema-instance" xsi:type="xs:string">
                john.smith@yahoo.com
            </saml2:AttributeValue>
        </saml2:Attribute>
        <saml2:Attribute Name="Locality">
            <saml2:AttributeValue xmlns:xs="http://www.w3.org/2001/XMLSchema"
                                  xmlns:xsi="http://www.w3.org/2001/XMLSchema-instance" xsi:type="xs:string">USA
            </saml2:AttributeValue>
        </saml2:Attribute>
        <saml2:Attribute Name="Username">
            <saml2:AttributeValue xmlns:xs="http://www.w3.org/2001/XMLSchema"
                                  xmlns:xsi="http://www.w3.org/2001/XMLSchema-instance" xsi:type="xs:string">John.Smith
            </saml2:AttributeValue>
        </saml2:Attribute>
        <saml2:Attribute Name="FirstName">
            <saml2:AttributeValue xmlns:xs="http://www.w3.org/2001/XMLSchema"
                                  xmlns:xsi="http://www.w3.org/2001/XMLSchema-instance" xsi:type="xs:string">John
            </saml2:AttributeValue>
        </saml2:Attribute>
        <saml2:Attribute Name="PhoneNumber">
            <saml2:AttributeValue xmlns:xs="http://www.w3.org/2001/XMLSchema"
                                  xmlns:xsi="http://www.w3.org/2001/XMLSchema-instance" xsi:type="xs:string">76373898998
            </saml2:AttributeValue>
        </saml2:Attribute>
        <saml2:Attribute Name="LastName">
            <saml2:AttributeValue xmlns:xs="http://www.w3.org/2001/XMLSchema"
                                  xmlns:xsi="http://www.w3.org/2001/XMLSchema-instance" xsi:type="xs:string">Smith
            </saml2:AttributeValue>
        </saml2:Attribute>
    </saml2:AttributeStatement>
</saml2:Assertion>
